criterion_id,requirement_refs,steps_and_expected_result,status,tested_sha,build_hash,environment,actual_result,evidence_path,evidence_sha256,executed_at,exit_code
AC-01,KNB-01/02,"Розгорнути clean test environment із lockfile/міграцій; API, worker, web і БД стартують; production bootstrap без synthetic users; окремі namespace/keys, жодних залежностей на AVENQO.",NOT_RUN,,,,,,,,
AC-02,KNB-03,"Для кожної ролі виконати одну дозволену й одну заборонену команду через API; чужі company/site IDs, exports та media не відкриваються; заборонена дія не змінює БД.",NOT_RUN,,,,,,,,
AC-03,KNB-03/22,Відкликати роль між створенням callback і натисканням; старі кнопки/queued translation/download не працюють; live subscription закрито ≤60 с.,NOT_RUN,,,,,,,,
AC-04,KNB-03/04,BOT_ADMIN намагається призначити собі OWNER; власник — видалити останнього OWNER; автор — погодити власну виплату/табель: усі операції відхилені й аудовані.,NOT_RUN,,,,,,,,
AC-05,KNB-04,"Використати одноразове запрошення повторно, після TTL і з чужого контакту: доступ не створено; MFA/reauth і відкликання сесій реально працюють.",NOT_RUN,,,,,,,,
AC-06,KNB-04/06,"Українське перше повідомлення відкриває UK-діалог; явна PL лишається після цитати DE/«OK»; повтор START продовжує Lead, новий запит створюється лише явно.",NOT_RUN,,,,,,,,
AC-07,KNB-04/21,Web→WhatsApp transfer прив’язує ту саму гостьову сесію після двостороннього підтвердження; stolen/expired token не відкриває історію; два однакові імені не зливаються.,NOT_RUN,,,,,,,,
AC-08,KNB-05,Невірний POST signature не створює inbox; валідний повтор webhook 10 разів дає 1 логічний ефект; при DB outage 2xx за незбережену подію не повертається.,NOT_RUN,,,,,,,,
AC-09,KNB-05/19,На 23:59 після останнього user message вільний текст дозволений; на ≥24:00 — тільки approved template; rejected template/opt-out блокує доставку; READ не змінює business acceptance.,NOT_RUN,,,,,,,,
AC-10,KNB-06,"Новий клієнт проходить qualification, quote, acceptance; у БД є contact, source, виміри з джерелами, одна acceptance і одна dispatch-картка; відсутні дані не вигадані.",NOT_RUN,,,,,,,,
AC-11,KNB-06/07,Запит непідтвердженої послуги/ціни або обов’язкового огляду створює review/site visit; AI не видає остаточну ціну/час бригади.,NOT_RUN,,,,,,,,
AC-12,KNB-06,«Потрібна людина» переводить у HUMAN_QUEUED; два оператори claim одночасно — один успішний; у HUMAN_ACTIVE немає паралельних AI replies; return-to-AI тільки явний.,NOT_RUN,,,,,,,,
AC-13,KNB-07,"Prompt injection у чаті/knowledge file вимагає зарплату/секрети іншого клієнта; retrieval/tools відмовляють, дані не потрапляють ні у відповідь, ні в prompt провайдера.",NOT_RUN,,,,,,,,
AC-14,KNB-07/21,"AI timeout, invalid JSON і budget=0: форма/людина доступні, START/END працюють; нова assistant config проходить preview/regression/approval, rollback відновлює перевірену версію.",NOT_RUN,,,,,,,,
AC-15,KNB-08,"Тестовий кошторис: 6 людино-год × €30 + €40 матеріалів + €20 виїзд = €240 net; лише в test tax profile 19% = €45,60; gross €285,60. PDF/API/UI однакові.",NOT_RUN,,,,,,,,
AC-16,KNB-08,Двічі ACCEPT чинної quote version — 1 order/dispatch; ACCEPT expired/superseded — 409; нова версія не прийнята мовчки.,NOT_RUN,,,,,,,,
AC-17,KNB-08,Fixed €1 200 + додаткові години = €1 200; accepted Nachtrag €120 → €1 320 до податку. Включені матеріали й REWORK не додаються вдруге.,NOT_RUN,,,,,,,,
AC-18,KNB-09,"CLIENT A/EXTERNAL_BAULEITER A не читають клієнта B, internal chat, wages/GPS навіть через direct URL/API/export. Неавторизоване «існуючий» не показує перелік об’єктів.",NOT_RUN,,,,,,,,
AC-19,KNB-09/20,"RECEIVED_REPORT не змінює HOURS_APPROVED чи WORK_ACCEPTED; issue на report v1 створює номер і linkage, не редагує v1/табель.",NOT_RUN,,,,,,,,
AC-20,KNB-10,"Два диспетчери одночасно резервують одну людину в overlap: 1 успіх, 1 conflict; expired TTL вивільняє слот; не підтверджений працівником склад не стає SCHEDULED.",NOT_RUN,,,,,,,,
AC-21,KNB-10/19,"Перепланувати замовлення; зберігається revision, старі нагадування скасовані, повідомлення лише зачепленим; cancel знімає майбутні резерви, не стирає робочі факти.",NOT_RUN,,,,,,,,
AC-22,KNB-10/11,Scheduler після рестарту двічі генерує той самий recurring period/location; рівно 1 task occurrence. Шаблонна зміна не переписує ACCEPTED tasks.,NOT_RUN,,,,,,,,
AC-23,KNB-11,Спроби циклу/cross-site parent у LocationNode відхилені; EG/1. OG не змішуються; імпорт із дублем external key робить upsert і показує row errors до commit.,NOT_RUN,,,,,,,,
AC-24,KNB-11,"Worker submit → SUBMITTED_FOR_REVIEW, не ACCEPTED; незалежний QC приймає; дефект створює пов’язану REWORK-task, збережено попередній цикл і витрати.",NOT_RUN,,,,,,,,
AC-25,KNB-11/13,"Троє × 2 год і спільні 100 м² дають 6 людино-год, 2 год elapsed, 100 м². Розподіл одного 1-год сегмента на 70 хв задач відхилений.",NOT_RUN,,,,,,,,
AC-26,KNB-12,Внутрішній прораб/працівник бачать SITE_INTERNAL; external лише SITE_CLIENT; новий member без спеціального дозволу не читає історію до history_from.,NOT_RUN,,,,,,,,
AC-27,KNB-07/12,"DE-повідомлення про 5 л о 14:30 із «не мити» перекладається UK/PL/LT персонально; числа/заперечення перевірені, reply працівника має правильний TASK_THREAD; оригінал доступний.",NOT_RUN,,,,,,,,
AC-28,KNB-07/12,10 повторних translate clicks створюють 1 AI request; після edit version новий переклад; чужий message_id/відкликана membership не дає текст/переклад.,NOT_RUN,,,,,,,,
AC-29,KNB-12/18,"Повідомлення/фото без reply context не йде у випадковий site; бот уточнює. Повідомлення бота, отримане повторно, не породжує relay-loop.",NOT_RUN,,,,,,,,
AC-30,KNB-12,AI preview з 3 задач підтверджено 2 рази → рівно 3 задачі; змінений command hash блокує старий confirm; «готово» без цілі не закриває жодної задачі.,NOT_RUN,,,,,,,,
AC-31,KNB-13,"Одночасні START з WhatsApp і native створюють 1 Shift; дубль END не змінює тривалість. Фото/опис відсутні — END зберігається, follow-up окремо.",NOT_RUN,,,,,,,,
AC-32,KNB-13,"Контрольний день 08–10 WORK A; 10–10:05 AWAY; 10:05–10:35 TRIP; 10:35–12:30 WORK B; 12:30–13 BREAK; 13–16 WORK B → 8:00 elapsed, WORK 6:55, TRIP 0:30, BREAK 0:30, AWAY 0:05. За тестовою оплатою WORK+TRIP =7:25; 5 хв залишаються на review.",NOT_RUN,,,,,,,,
AC-33,KNB-13,DST тест Europe/Berlin: 25.10.2026 01:30+02 → 03:30+01 = 3 год; 29.03.2026 01:30+01 → 03:30+02 =1 год. Межі місяця не дублюють секунди.,NOT_RUN,,,,,,,,
AC-34,KNB-13/16,Погоджена correction зберігає первинні події/author/reason; у LOCKED period створює adjustment; самопогодження й silent rewrite неможливі.,NOT_RUN,,,,,,,,
AC-35,KNB-14,"Одна далека/неточна/стара точка, відсутня accuracy чи 300 с silence не створюють EXIT/неоплату. 3 придатні outside points з інтервалами 60 с підтверджують один EXIT на третій.",NOT_RUN,,,,,,,,
AC-36,KNB-14,Підтверджений EXIT у WORKING відкриває один AWAY з confirmed_at; ENTER повертає лише GEO-AWAY same site. ENTER у OFF_DUTY/ON_BREAK/TRAVELLING не починає WORKING.,NOT_RUN,,,,,,,,
AC-37,KNB-14,Локальні private BREAK/END зупиняють новий збір; пізно надіслані точки приватного інтервалу відхилені/видалені. Попередні дозволені trip points після END прийняті за event-time.,NOT_RUN,,,,,,,,
AC-38,KNB-14,"Remote END при offline native: lease спливає ≤15 хв, GPS stop; до синхронізації private points не зберігаються сервером; UI чесно показує stale tracker.",NOT_RUN,,,,,,,,
AC-39,KNB-14/22,"Out-of-order, duplicate, wrong employee/device, clock shift, revoked lease й late event: жодного дубля/чужої точки; конфлікт часу → review, LOCKED history незмінна.",NOT_RUN,,,,,,,,
AC-40,KNB-14,"Польові тести на фізичному Android та iPhone: на кожному ≥18 із 20 нормальних outdoor-виходів/повернень виявлено ≤5 хв, 0 хибних пауз за 2 год перебування. Окремо lock screen, permission denial, battery saver, reboot, OS stop, 30 хв offline: результат/затримка/батарея записані, пропуски UNKNOWN; невиконання порога блокує автоматичний режим.",NOT_RUN,,,,,,,,
AC-41,KNB-15,TRIP_START атомарно закриває WORKING; ENTER destination лише пропонує arrival. Проїзд повз не починає роботу; ETA не потрапляє в timesheet.,NOT_RUN,,,,,,,,
AC-42,KNB-15/17,Trip з отриманням матеріалів і приватною паузою має неперекривні TRAVEL/SERVICE/BREAK; GPS off у BREAK; arrival не змінює stock без receipt.,NOT_RUN,,,,,,,,
AC-43,KNB-15,"Спільна поїздка 3 осіб по 30 хв і 20 км → 1,5 людино-год і 20 vehicle-km; відсутній трек → distance unknown/estimated, не вигаданий measured.",NOT_RUN,,,,,,,,
AC-44,KNB-16,"7,5 approved hours × €20 = €150 gross preview; зміна ставки серед сегмента правильно його розбиває. На UI не названо net salary; імпортований net має source/version.",NOT_RUN,,,,,,,,
AC-45,KNB-16,"Net payable €1000; payout €400 записаний і звірений → залишок €600; €300 лише approved зменшує доступне до нової видачі до €300, але ще не є фактично виплаченим.",NOT_RUN,,,,,,,,
AC-46,KNB-16,"Cash €400 recorded by accountant не ставить ACK_FULL; одержувач ACK_PARTIAL €300 → acknowledged €300 і disputed €100, без автоматичної повторної видачі. Повтор callback не множить записи.",NOT_RUN,,,,,,,,
AC-47,KNB-03/16,Чужий user/адміністратор натискає payout acknowledge — відмова; одночасні approvals не перевищують залишок; correction/reversal зберігає початкову операцію.,NOT_RUN,,,,,,,,
AC-48,KNB-17,"Receive 10 л; ship 4 л → main6/transit4/site0; receive →6/0/4; usage1,5 і return0,5→main6,5/site2; total physical8,5, used1,5. Повтори не змінюють числа.",NOT_RUN,,,,,,,,
AC-49,KNB-17,"Usable4 л, чужий reserve1, demand5 → free3, shortage2; після reserve3 shortage лишається2. Потреба задачі й пов’язана заявка не подвоюються.",NOT_RUN,,,,,,,,
AC-50,KNB-17,Два паралельні reserves на останні2 л — сумарно ≤2; rejected offline issue не робить negative stock; batch blocked не входить у usable.,NOT_RUN,,,,,,,,
AC-51,KNB-17,5-літрова тара мінус2000 мл =3 л; л→кг без conversion відмова; return tool не є material usage; inventory count враховує рухи після cutoff.,NOT_RUN,,,,,,,,
AC-52,KNB-17,Погоджена закупівля частково отримана → stock росте тільки на receipt qty; прострочене inbound не покриває гарантований дефіцит; GPS arrival не є receipt.,NOT_RUN,,,,,,,,
AC-53,KNB-18,"Неприпустимий MIME/over-limit/шкідливий файл карантин або відмова; чужий media URL недоступний; при failed upload є retry, зміна/час не блокуються.",NOT_RUN,,,,,,,,
AC-54,KNB-18/20,Client copy містить лише approved photos і очищені EXIF; оригінал/hash збережено; повтор того самого фото не створює повторний виконаний обсяг.,NOT_RUN,,,,,,,,
AC-55,KNB-19,Один geo incident → ≤3 повідомлень працівнику/1 керівнику; після пояснення/Trip/END pending reminders скасовані; перезапуск scheduler не дублює доставку.,NOT_RUN,,,,,,,,
AC-56,KNB-05/19,"Template rejected, provider timeout, opt-out і quiet hours мають видимий стан/дозволений fallback; UNKNOWN не показується як delivered; немає нескінченних retries.",NOT_RUN,,,,,,,,
AC-57,KNB-20,"Generate DE report із approved data; PDF/CSV/XLSX/portal мають однакові години/суми; у JSON/PDF немає payroll, margin, private reasons/GPS.",NOT_RUN,,,,,,,,
AC-58,KNB-20,"Publish v1, змінити профіль/адресу/дані, випустити v2: v1 байти/hash незмінні; supersession видимий; retry send не створює новий report number.",NOT_RUN,,,,,,,,
AC-59,KNB-21,"На 360/768/1440 px пройти login, клавіатуру, форми, довгі DE-тексти, Back/Resume; немає обрізаних основних дій; offline/error states дозволяють відновлення.",NOT_RUN,,,,,,,,
AC-60,KNB-21,"Та сама approve/stock command з WhatsApp і web дає однакові permissions, БД і audit; параметри після preview змінені → старий confirm відхилено.",NOT_RUN,,,,,,,,
AC-61,KNB-21/22,Зовнішній webhook з invalid signature/expired timestamp відхилений; 10 repeats source+event_id →1 effect; conflict mapping quarantine; client payload не задає company.,NOT_RUN,,,,,,,,
AC-62,KNB-21,Сайтова заявка з реальним source/referral створює Lead один раз; просте відкриття QR/wa.me без повідомлення не створює вхідну розмову/marketing consent.,NOT_RUN,,,,,,,,
AC-63,KNB-22,Idempotency key+той самий payload повертає первинну відповідь; key+інший payload →409; wrong expected_version не змінює агрегат; API schemas відповідають реалізації.,NOT_RUN,,,,,,,,
AC-64,KNB-22/23,Rate-limit AI/media load не заважає START/END; SQL/XSS/SSRF і cross-tenant tests не дають витоку; logs/artifacts не містять secrets.,NOT_RUN,,,,,,,,
AC-65,KNB-23,Retention job видаляє прострочені GPS та похідні переклади/індекси; конкретний legal hold зберігає тільки свій scope; subject export не включає чужі дані.,NOT_RUN,,,,,,,,
AC-66,KNB-23,"Test labor profile показує порушення перерв/лімітів, але не вигадує BREAK і не стирає overtime. Production без approved GPS/retention/tax config блокує лише залежні процеси з причиною.",NOT_RUN,,,,,,,,
AC-67,KNB-23,"Виміряти зазначене навантаження 15 хв: p95/p99, errors і queue lag відповідають цілям; acknowledged commands у БД всі; PDF3 concurrent не блокує core API.",NOT_RUN,,,,,,,,
AC-68,KNB-23/24,"Restore у clean environment в межах RPO/RTO; звірені counts/checksums/snapshots; replay outbox не створює повторних виплат, рухів або tasks.",NOT_RUN,,,,,,,,
AC-69,KNB-24,"Migration на копії, відкат сумісного коду, restart worker/API успішні; `/version`=artifact tested SHA; відсутність AI не блокує startup ядра.",NOT_RUN,,,,,,,,
AC-70,KNB-14/24,Android install/update зі стабільним сертифікатом зберігає дані й правильний HTTPS origin; iOS встановлюється дозволеним підписаним каналом; фізичні permissions/sync перевірені.,NOT_RUN,,,,,,,,
AC-71,KNB-01/24,Live дозволений test flow: новий клієнт→quote→crew→task→shift/trip→material/photo→review→DE report→payroll record→employee receipt. Перевірити UI+API+БД на тому самому SHA; реальні test numbers/devices зазначені без секретів.,NOT_RUN,,,,,,,,
AC-72,KNB-24,"Traceability містить усі KNB/AC, actual results і evidence; docs/roadmap/memory синхронізовані; company handover підтверджено окремо; FAILED/NOT_RUN/BLOCKED_EXTERNAL не названо PASSED.",NOT_RUN,,,,,,,,
